"name","d","ud","h","sd","uh","n","un"
"plexi",4.34,0.01,2.577,0.0245175673979111,0.00775313556640868,1.68412883197516,0.00638209443974201
"plexi.red",4.34,0.01,2.5575,0.0319597961731386,0.0112994942996831,1.6969696969697,0.0084558497175683
"plexi.blue",4.34,0.01,2.557,0.0365300485141267,0.011551815634109,1.69730152522487,0.00860766338588976
"szkło",4.28,0.01,2.50875,0.0216712449375399,0.00766194212604456,1.70602889885401,0.00656021747901497
