"co","before","after","diff"
"kat",132.745,133.022,-0.276999999999987
"an1",137.878,137.734,0.143999999999977
"an2",138.775,138.642,0.13300000000001
"an12",276.653,276.376,0.276999999999987
