"";"H";"f";"lambda";"v"
"1";1;1030.3;3606;3715.2618
"2";2;2060.61;1803;3715.27983
"3";3;3090.91;1202;3715.27382
"4";4;4121.21;901.5;3715.270815
"5";5;5151.52;721.2;3715.276224
"6";6;6181.82;601;3715.27382
"7";7;7212.12;515.142857142857;3715.27210285714
