"";"H";"f";"lambda";"v"
"1";1;1393.94;3606;5026.54764
"2";2;3878.79;1803;6993.45837
"3";3;4303.03;1202;5172.24206
"4";4;5696.97;901.5;5135.818455
